chipher,year,profile_name,direction_code,direction_name
БАСО,2019,Создание автоматизированных систем в защищенном исполнении,10.05.03,Информационная безопасность автоматизированных систем
БАСО,2020,Создание автоматизированных систем в защищенном исполнении,10.05.03,Информационная безопасность автоматизированных систем
БАСО,2021,Разработка автоматизированных систем в защищенном исполнении,10.05.03,Информационная безопасность автоматизированных систем
БАСО,2022,Разработка автоматизированных систем в защищенном исполнении,10.05.03,Информационная безопасность автоматизированных систем
БББО,2019,Организация и технология защиты информации,10.03.01,Информационная безопасность
БББО,2020,Организация и технология защиты информации,10.03.01,Информационная безопасность
БББО,2021,Организация и технология защиты информации,10.03.01,Информационная безопасность
БББО,2022,Организация и технология защиты информации,10.03.01,Информационная безопасность
ББМО,2020,Информационная безопасность объектов критической информационной инфраструктуры,10.04.01,Информационная безопасность
ББМО,2021,Комплексное обеспечение информационной безопасности автоматизированных систем и объектов информатизации,10.04.01,Информационная безопасность
ББМО,2022,Киберразведка и противодействие угрозам с применением технологий искусственного интеллекта,10.04.01,Информационная безопасность
ББСО,2019,Информационно-аналитическое обеспечение правоохранительной деятельности,10.05.05,Безопасность информационных технологий в правоохранительной сфере
ББСО,2020,Информационно-аналитическое обеспечение правоохранительной деятельности,10.05.05,Безопасность информационных технологий в правоохранительной сфере
ББСО,2021,Компьютерная экспертиза,10.05.05,Безопасность информационных технологий в правоохранительной сфере
ББСО,2022,Компьютерная экспертиза,10.05.05,Безопасность информационных технологий в правоохранительной сфере
БИСО,2019,Автоматизация информационно-аналитической деятельности,10.05.04,Информационно-аналитические системы безопасности
БИСО,2020,Автоматизация информационно-аналитической деятельности,10.05.04,Информационно-аналитические системы безопасности
БИСО,2021,Автоматизация информационно-аналитической деятельности,10.05.04,Информационно-аналитические системы безопасности
БИСО,2022,специализация №3 'Технологии информационно-аналитического мониторинга',10.05.04,Информационно-аналитические системы безопасности
БОСО,2019,Гражданско-правовая,40.05.01,Правовое обеспечение национальной безопасности
БОСО,2019,Уголовно-правовая,40.05.01,Правовое обеспечение национальной безопасности
БОСО,2020,Гражданско-правовая,40.05.01,Правовое обеспечение национальной безопасности
БОСО,2021,Гражданско-правовая,40.05.01,Правовое обеспечение национальной безопасности
БОСО,2022,Гражданско-правовая,40.05.01,Правовое обеспечение национальной безопасности
БОСО,2022,Уголовно-правовая,40.05.01,Правовое обеспечение национальной безопасности
БПБО,2019,Аналитическое приборостроение и интеллектуальные системы безопасности,12.03.01,Приборостроение
БПБО,2020,Аналитическое приборостроение и интеллектуальные системы безопасности,12.03.01,Приборостроение
БПБО,2021,Аналитическое приборостроение и интеллектуальные системы безопасности,12.03.01,Приборостроение
БПБО,2022,Интеллектуальные системы безопасности и аналитическое приборостроение,12.03.01,Приборостроение
БПМО,2020,Интеллектуальные приборные комплексы,12.04.01,Приборостроение
БПМО,2021,Интеллектуальные приборные комплексы,12.04.01,Приборостроение
БСБО,2019,"Аппаратное, программное и математическое обеспечение безопасности информационных систем",09.03.02,Информационные системы и технологии
БСБО,2019,Информационное обеспечение комплексной безопасности организации,09.03.02,Информационные системы и технологии
БСБО,2019,Технологии искусственного интеллекта в безопасности,09.03.02,Информационные системы и технологии
БСБО,2019,Технологии разработки безопасного программного обеспечения,09.03.02,Информационные системы и технологии
БСБО,2020,"Аппаратное, программное и математическое обеспечение безопасности информационных систем",09.03.02,Информационные системы и технологии
БСБО,2020,Геоинформационные системы,09.03.02,Информационные системы и технологии
БСБО,2020,Информационное обеспечение комплексной безопасности организации,09.03.02,Информационные системы и технологии
БСБО,2020,Технологии искусственного интеллекта в безопасности,09.03.02,Информационные системы и технологии
БСБО,2020,Технологии разработки безопасного программного обеспечения,09.03.02,Информационные системы и технологии
БСБО,2021,Геоинформационные системы,09.03.02,Информационные системы и технологии
БСБО,2021,Информационное обеспечение комплексной безопасности организации,09.03.02,Информационные системы и технологии
БСБО,2021,Компьютерный дизайн,09.03.02,Информационные системы и технологии
БСБО,2021,Системное программное обеспечение,09.03.02,Информационные системы и технологии
БСБО,2021,Технологии визуального программирования,09.03.02,Информационные системы и технологии
БСБО,2021,Технологии искусственного интеллекта в безопасности,09.03.02,Информационные системы и технологии
БСБО,2021,Технологии разработки безопасного программного обеспечения,09.03.02,Информационные системы и технологии
БСБО,2022,Геоинформационные системы,09.03.02,Информационные системы и технологии
БСБО,2022,Компьютерный дизайн,09.03.02,Информационные системы и технологии
БСБО,2022,Разработка кроссплатформенных бизнес-приложений,09.03.02,Информационные системы и технологии
БСБО,2022,Системное программное обеспечение,09.03.02,Информационные системы и технологии
БСБО,2022,Технологии визуального программирования,09.03.02,Информационные системы и технологии
БСБО,2022,Технологии искусственного интеллекта и анализ данных,09.03.02,Информационные системы и технологии
БСБО,2022,Технологии разработки программного обеспечения,09.03.02,Информационные системы и технологии
БСБО,2022,Фуллстек разработка,09.03.02,Информационные системы и технологии
БСМО,2020,"Аппаратное, программное и математическое обеспечение безопасности информационных систем",09.04.02,Информационные системы и технологии
БСМО,2020,Интеллектуальные информационные системы и технологии,09.04.02,Информационные системы и технологии
БСМО,2020,Программно-математическое обеспечение защищенных информационно-вычислительных систем,09.04.02,Информационные системы и технологии
БСМО,2020,Управление разработкой и внедрением предметно-ориентированных информационных систем,09.04.02,Информационные системы и технологии
БСМО,2021,Интеллектуальные информационные системы и технологии,09.04.02,Информационные системы и технологии
БСМО,2021,Компьютерный дизайн,09.04.02,Информационные системы и технологии
БСМО,2021,Системы управления базами данных,09.04.02,Информационные системы и технологии
БСМО,2021,Создание безопасных интеграционных решений в информационных системах,09.04.02,Информационные системы и технологии
БСМО,2021,Управление разработкой и внедрением предметно-ориентированных информационных систем,09.04.02,Информационные системы и технологии
БСМО,2022,Индустриальное программирование,09.04.02,Информационные системы и технологии
БСМО,2022,Компьютерный дизайн,09.04.02,Информационные системы и технологии
БСМО,2022,Многоагентные интеллектуальные системы,09.04.02,Информационные системы и технологии
БСМО,2022,Технологии обработки больших данных,09.04.02,Информационные системы и технологии
БСМО,2022,Управление разработкой и внедрением бизнес-приложений,09.04.02,Информационные системы и технологии
БФБО,2020,Искусственный интеллект и машинное обучение,02.03.02,Фундаментальная информатика и информационные технологии
БФБО,2021,Искусственный интеллект и машинное обучение,02.03.02,Фундаментальная информатика и информационные технологии
БФБО,2022,Искусственный интеллект и машинное обучение,02.03.02,Фундаментальная информатика и информационные технологии
БФМО,2021,Искусственный интеллект и машинное обучение для решения прикладных задач,02.04.02,Фундаментальная информатика и информационные технологии
БФМО,2022,Искусственный интеллект и машинное обучение для решения прикладных задач,02.04.02,Фундаментальная информатика и информационные технологии
БЭСО,2019,Судебная экономическая экспертиза,38.05.01,Экономическая безопасность
БЭСО,2019,Финансовый учет и контроль в правоохранительных органах,38.05.01,Экономическая безопасность
БЭСО,2020,Судебная экономическая экспертиза,38.05.01,Экономическая безопасность
БЭСО,2020,Финансовый учет и контроль в правоохранительных органах,38.05.01,Экономическая безопасность
БЭСО,2021,Судебная экономическая экспертиза,38.05.01,Экономическая безопасность
БЭСО,2021,Финансовый учет и контроль в правоохранительных органах,38.05.01,Экономическая безопасность
БЭСО,2022,Экономическая безопасность государства и бизнеса,38.05.01,Экономическая безопасность
БЭСО,2022,Экономическая безопасность и экспертиза деятельности хозяйствующих субъектов,38.05.01,Экономическая безопасность
ГДБО,2019,Современные технологии управления документацией,46.03.02,Документоведение и архивоведение
ГДБО,2020,Современные технологии управления документацией,46.03.02,Документоведение и архивоведение
ГДБО,2021,Современные технологии управления документацией,46.03.02,Документоведение и архивоведение
ГДБО,2022,Современные технологии управления документацией,46.03.02,Документоведение и архивоведение
ГИБО,2019,Архитектура предприятия,38.03.05,Бизнес-информатика
ГИБО,2020,Архитектура предприятия,38.03.05,Бизнес-информатика
ГИБО,2021,Архитектура предприятия,38.03.05,Бизнес-информатика
ГИБО,2022,Архитектура предприятия,38.03.05,Бизнес-информатика
ГМБО,2019,Маркетинг,38.03.02,Менеджмент
ГМБО,2019,Производственный менеджмент,38.03.02,Менеджмент
ГМБО,2020,Маркетинг,38.03.02,Менеджмент
ГМБО,2020,Управление проектом,38.03.02,Менеджмент
ГМБО,2021,Управление бизнес-проектами,38.03.02,Менеджмент
ГМБО,2022,Управление бизнес-проектами,38.03.02,Менеджмент
ГСБО,2019,Бизнес-аналитика,01.03.05,Статистика
ГСБО,2020,Бизнес-аналитика,01.03.05,Статистика
ГСБО,2021,Бизнес-аналитика,01.03.05,Статистика
ГСБО,2022,Бизнес-аналитика,01.03.05,Статистика
ГУБО,2019,Государственная и муниципальная служба,38.03.04,Государственное и муниципальное управление
ГУБО,2019,Информационные технологии в государственном управлении,38.03.04,Государственное и муниципальное управление
ГУБО,2020,Государственная и муниципальная служба,38.03.04,Государственное и муниципальное управление
ГУБО,2020,Информационные технологии в государственном управлении,38.03.04,Государственное и муниципальное управление
ГУБО,2021,Организационно-управленческая деятельность в государственной и муниципальной службе,38.03.04,Государственное и муниципальное управление
ГУБО,2022,Организационно-управленческая деятельность в государственной и муниципальной службе,38.03.04,Государственное и муниципальное управление
ГЭБО,2019,Финансы и управление бизнесом,38.03.01,Экономика
ГЭБО,2019,Экономика предприятий и организаций,38.03.01,Экономика
ГЭБО,2020,Финансы и управление бизнесом,38.03.01,Экономика
ГЭБО,2020,Экономика предприятий и организаций,38.03.01,Экономика
ГЭБО,2021,"Управление рисками легализации (отмывания) доходов, полученных преступным путем, и финансирования терроризма",38.03.01,Экономика
ГЭБО,2021,Финансовая аналитика,38.03.01,Экономика
ГЭБО,2022,"Управление рисками легализации (отмывания) доходов, полученных преступным путем, и финансирования терроризма",38.03.01,Экономика
ГЭБО,2022,Финансовая аналитика,38.03.01,Экономика
ИАБО,2019,Автоматизация технологических процессов и производств в промышленности,15.03.04,Автоматизация технологических процессов и производств
ИАБО,2020,Автоматизация технологических процессов и производств в промышленности,15.03.04,Автоматизация технологических процессов и производств
ИАБО,2021,Автоматизация технологических процессов и производств в промышленности,15.03.04,Автоматизация технологических процессов и производств
ИАБО,2022,Цифровое производство,15.03.04,Автоматизация технологических процессов и производств
ИВБО,2019,"Вычислительные машины, комплексы, системы и сети",09.03.01,Информатика и вычислительная техника
ИВБО,2019,Промышленная информатика,09.03.01,Информатика и вычислительная техника
ИВБО,2020,"Вычислительные машины, комплексы, системы и сети",09.03.01,Информатика и вычислительная техника
ИВБО,2020,Промышленная информатика,09.03.01,Информатика и вычислительная техника
ИВБО,2021,Киберфизические системы,09.03.01,Информатика и вычислительная техника
ИВБО,2021,Компьютерные системы управления и обработки информации,09.03.01,Информатика и вычислительная техника
ИВБО,2021,Промышленная информатика,09.03.01,Информатика и вычислительная техника
ИВБО,2022,Интеллектуальные системы управления и обработки информации,09.03.01,Информатика и вычислительная техника
ИВБО,2022,Инфраструктура информационных технологий,09.03.01,Информатика и вычислительная техника
ИВБО,2022,Киберфизические системы,09.03.01,Информатика и вычислительная техника
ИВБО,2022,Промышленная информатика,09.03.01,Информатика и вычислительная техника
ИВБО,2022,"Цифровые комплексы, системы и сети",09.03.01,Информатика и вычислительная техника
ИВМО,2020,Архитектура вычислительной техники и информационных систем,09.04.01,Информатика и вычислительная техника
ИВМО,2020,Информационно-управляющие системы,09.04.01,Информатика и вычислительная техника
ИВМО,2021,Архитектура вычислительной техники и информационных систем,09.04.01,Информатика и вычислительная техника
ИВМО,2021,Информационно-управляющие системы,09.04.01,Информатика и вычислительная техника
ИВМО,2022,Архитектура вычислительной техники и информационных систем,09.04.01,Информатика и вычислительная техника
ИВМО,2022,Искусственный интеллект в производственных системах,09.04.01,Информатика и вычислительная техника
ИКБО,2019,Информационные системы управления ресурсами предприятия,09.03.04,Программная инженерия
ИКБО,2019,Разработка программных продуктов и проектирование информационных систем,09.03.04,Программная инженерия
ИКБО,2019,Системная и программная инженерия,09.03.04,Программная инженерия
ИКБО,2019,Системы поддержки принятия решений,09.03.04,Программная инженерия
ИКБО,2020,Информационные системы управления ресурсами предприятия,09.03.04,Программная инженерия
ИКБО,2020,Разработка и дизайн компьютерных игр и мультимедийных приложений,09.03.04,Программная инженерия
ИКБО,2020,Разработка программных продуктов и проектирование информационных систем,09.03.04,Программная инженерия
ИКБО,2020,Системная и программная инженерия,09.03.04,Программная инженерия
ИКБО,2020,Системы поддержки принятия решений,09.03.04,Программная инженерия
ИКБО,2021,Информационные системы управления ресурсами предприятия,09.03.04,Программная инженерия
ИКБО,2021,Разработка и дизайн компьютерных игр и мультимедийных приложений,09.03.04,Программная инженерия
ИКБО,2021,Разработка программных продуктов и проектирование информационных систем,09.03.04,Программная инженерия
ИКБО,2021,Системная и программная инженерия,09.03.04,Программная инженерия
ИКБО,2021,Системы поддержки принятия решений,09.03.04,Программная инженерия
ИКБО,2022,Интеллектуальные системы поддержки принятия решений,09.03.04,Программная инженерия
ИКБО,2022,Информационные системы управления ресурсами предприятия,09.03.04,Программная инженерия
ИКБО,2022,Проектирование и разработка сред и приложений дополненной и виртуальной реальностей,09.03.04,Программная инженерия
ИКБО,2022,Разработка и дизайн компьютерных игр и мультимедийных приложений,09.03.04,Программная инженерия
ИКБО,2022,Разработка программных продуктов и проектирование информационных систем,09.03.04,Программная инженерия
ИКБО,2022,Системная и программная инженерия,09.03.04,Программная инженерия
ИКМО,2020,Архитектура информационных систем,09.04.04,Программная инженерия
ИКМО,2020,Информационные системы управления ресурсами и взаимоотношениями предприятия,09.04.04,Программная инженерия
ИКМО,2020,Системная инженерия,09.04.04,Программная инженерия
ИКМО,2021,Архитектура информационных систем,09.04.04,Программная инженерия
ИКМО,2021,Информационные системы управления ресурсами и взаимоотношениями предприятия,09.04.04,Программная инженерия
ИКМО,2021,Системная инженерия,09.04.04,Программная инженерия
ИКМО,2022,Архитектура информационных систем,09.04.04,Программная инженерия
ИКМО,2022,Информационные системы управления ресурсами и взаимоотношениями предприятия,09.04.04,Программная инженерия
ИКМО,2022,Системная инженерия,09.04.04,Программная инженерия
ИМБО,2019,Анализ данных,01.03.04,Прикладная математика
ИМБО,2020,Анализ данных,01.03.04,Прикладная математика
ИМБО,2021,Анализ данных,01.03.04,Прикладная математика
ИМБО,2022,Анализ данных,01.03.04,Прикладная математика
ИММО,2020,Интеллектуальный анализ данных,01.04.04,Прикладная математика
ИММО,2021,Интеллектуальный анализ данных,01.04.04,Прикладная математика
ИММО,2022,Интеллектуальный анализ данных,01.04.04,Прикладная математика
ИНБО,2019,Информатизация организаций,09.03.03,Прикладная информатика
ИНБО,2019,Управление данными,09.03.03,Прикладная информатика
ИНБО,2020,Информатизация организаций,09.03.03,Прикладная информатика
ИНБО,2020,Управление данными,09.03.03,Прикладная информатика
ИНБО,2020,Цифровая трансформация,09.03.03,Прикладная информатика
ИНБО,2021,Информатизация организаций,09.03.03,Прикладная информатика
ИНБО,2021,Управление данными,09.03.03,Прикладная информатика
ИНБО,2022,Информатизация организаций,09.03.03,Прикладная информатика
ИНБО,2022,Управление данными,09.03.03,Прикладная информатика
ИНБО,2022,Цифровая трансформация,09.03.03,Прикладная информатика
ИНМО,2020,Корпоративные и распределенные информационные системы,09.04.03,Прикладная информатика
ИНМО,2021,Корпоративные и распределенные информационные системы,09.04.03,Прикладная информатика
ИНМО,2022,Корпоративные и распределенные информационные системы,09.04.03,Прикладная информатика
КАБО,2019,Автоматизация технологических процессов и производств в промышленности,15.03.04,Автоматизация технологических процессов и производств
КАБО,2020,Автоматизация технологических процессов и производств в промышленности,15.03.04,Автоматизация технологических процессов и производств
КАБО,2021,Автоматизация технологических процессов и производств в промышленности,15.03.04,Автоматизация технологических процессов и производств
КАБО,2022,Цифровое производство,15.03.04,Автоматизация технологических процессов и производств
КАМО,2020,Разработка промышленных автоматизированных систем,15.04.04,Автоматизация технологических процессов и производств
КАМО,2021,Разработка промышленных автоматизированных систем,15.04.04,Автоматизация технологических процессов и производств
КАМО,2022,Умные технологические системы,15.04.04,Автоматизация технологических процессов и производств
КББО,2019,Компьютерные системы и технологии обработки медико-биологической и экологической информации,12.03.04,Биотехнические системы и технологии
КББО,2019,Радиофизические и радиологические медицинские системы,12.03.04,Биотехнические системы и технологии
КББО,2020,Компьютерные системы и технологии обработки медико-биологической и экологической информации,12.03.04,Биотехнические системы и технологии
КББО,2020,Радиофизические и радиологические медицинские системы,12.03.04,Биотехнические системы и технологии
КББО,2021,Компьютерные системы и технологии обработки медико-биологической и экологической информации,12.03.04,Биотехнические системы и технологии
КББО,2021,Радиофизические и радиологические медицинские системы,12.03.04,Биотехнические системы и технологии
КББО,2022,Интеллектуальные системы обработки медико-биологической информации,12.03.04,Биотехнические системы и технологии
КББО,2022,Радиофизические и радиологические медицинские системы,12.03.04,Биотехнические системы и технологии
КБМО,2020,Биоинформационные технологии и системы,12.04.04,Биотехнические системы и технологии
КБМО,2020,Радиофизические и радиологические медицинские системы и технологии,12.04.04,Биотехнические системы и технологии
КБМО,2021,Биоинформационные технологии и системы,12.04.04,Биотехнические системы и технологии
КБМО,2021,Радиофизические и радиологические медицинские системы и технологии,12.04.04,Биотехнические системы и технологии
КБМО,2022,Биоинформационные технологии и системы,12.04.04,Биотехнические системы и технологии
КБМО,2022,Радиофизические и радиологические медицинские системы и технологии,12.04.04,Биотехнические системы и технологии
КВБО,2019,"Вычислительные машины, комплексы, системы и сети",09.03.01,Информатика и вычислительная техника
КВБО,2019,Промышленная информатика,09.03.01,Информатика и вычислительная техника
КВБО,2020,"Вычислительные машины, комплексы, системы и сети",09.03.01,Информатика и вычислительная техника
КВБО,2020,Промышленная информатика,09.03.01,Информатика и вычислительная техника
КВБО,2021,Киберфизические системы,09.03.01,Информатика и вычислительная техника
КВБО,2021,Компьютерные системы управления и обработки информации,09.03.01,Информатика и вычислительная техника
КВБО,2021,Промышленная информатика,09.03.01,Информатика и вычислительная техника
КВБО,2022,Интеллектуальные системы управления и обработки информации,09.03.01,Информатика и вычислительная техника
КВБО,2022,Инфраструктура информационных технологий,09.03.01,Информатика и вычислительная техника
КВБО,2022,Киберфизические системы,09.03.01,Информатика и вычислительная техника
КВБО,2022,Промышленная информатика,09.03.01,Информатика и вычислительная техника
КВБО,2022,"Цифровые комплексы, системы и сети",09.03.01,Информатика и вычислительная техника
КВМО,2020,Архитектура вычислительной техники и информационных систем,09.04.01,Информатика и вычислительная техника
КВМО,2020,Информационно-управляющие системы,09.04.01,Информатика и вычислительная техника
КВМО,2021,Архитектура вычислительной техники и информационных систем,09.04.01,Информатика и вычислительная техника
КВМО,2021,Информационно-управляющие системы,09.04.01,Информатика и вычислительная техника
КВМО,2022,Архитектура вычислительной техники и информационных систем,09.04.01,Информатика и вычислительная техника
КВМО,2022,Искусственный интеллект в производственных системах,09.04.01,Информатика и вычислительная техника
ККСО,2020,Анализ безопасности компьютерных систем,10.05.01,Компьютерная безопасность
ККСО,2021,Анализ безопасности компьютерных систем,10.05.01,Компьютерная безопасность
ККСО,2022,Анализ безопасности компьютерных систем,10.05.01,Компьютерная безопасность
КМБО,2019,Математическое моделирование и вычислительная математика,01.03.02,Прикладная математика и информатика
КМБО,2019,Системное программирование и компьютерные технологии,01.03.02,Прикладная математика и информатика
КМБО,2020,Математическое моделирование и вычислительная математика,01.03.02,Прикладная математика и информатика
КМБО,2020,Системное программирование и компьютерные технологии,01.03.02,Прикладная математика и информатика
КМБО,2021,Математическое моделирование и вычислительная математика,01.03.02,Прикладная математика и информатика
КМБО,2021,Системное программирование и компьютерные технологии,01.03.02,Прикладная математика и информатика
КМБО,2022,Математическое моделирование и вычислительная математика,01.03.02,Прикладная математика и информатика
КМБО,2022,Системное программирование и компьютерные технологии,01.03.02,Прикладная математика и информатика
КММО,2020,Математическое моделирование,01.04.02,Прикладная математика и информатика
КММО,2020,Программные средства обработки информации и управления в автоматических и человеко-машинных системах,01.04.02,Прикладная математика и информатика
КММО,2021,Математическое моделирование,01.04.02,Прикладная математика и информатика
КММО,2021,Программные средства обработки информации и управления в автоматических и человеко-машинных системах,01.04.02,Прикладная математика и информатика
КММО,2022,Математическое моделирование,01.04.02,Прикладная математика и информатика
КММО,2022,Программные средства обработки информации и управления в автоматических и человеко-машинных системах,01.04.02,Прикладная математика и информатика
КРБО,2019,Автономные роботы,15.03.06,Мехатроника и робототехника
КРБО,2020,Автономные роботы,15.03.06,Мехатроника и робототехника
КРБО,2021,Автономные роботы,15.03.06,Мехатроника и робототехника
КРБО,2022,Автономные роботы,15.03.06,Мехатроника и робототехника
КРМО,2020,Интеллектуальные мобильные роботы,15.04.06,Мехатроника и робототехника
КРМО,2021,Интеллектуальные мобильные роботы,15.04.06,Мехатроника и робототехника
КРМО,2022,Интеллектуальные мобильные роботы,15.04.06,Мехатроника и робототехника
КСБО,2019,Инженерия автоматизированных систем,27.03.03,Системный анализ и управление
КСБО,2020,Инженерия автоматизированных систем,27.03.03,Системный анализ и управление
КСБО,2021,Инженерия автоматизированных систем,27.03.03,Системный анализ и управление
КСБО,2022,Инженерия автоматизированных систем,27.03.03,Системный анализ и управление
КСМО,2020,Инженерия автоматизированных систем,27.04.03,Системный анализ и управление
КСМО,2021,Инженерия автоматизированных систем,27.04.03,Системный анализ и управление
КСМО,2022,Интеллектуальные технологии поддержки жизненного цикла изделий,27.04.03,Системный анализ и управление
КТСО,2019,Разработка защищенных телекоммуникационных систем,10.05.02,Информационная безопасность телекоммуникационных систем
КТСО,2020,Разработка защищенных телекоммуникационных систем,10.05.02,Информационная безопасность телекоммуникационных систем
КТСО,2021,Разработка защищенных телекоммуникационных систем,10.05.02,Информационная безопасность телекоммуникационных систем
КТСО,2022,Разработка защищенных телекоммуникационных систем,10.05.02,Информационная безопасность телекоммуникационных систем
КУБО,2019,Управление и информатика в технических системах,27.03.04,Управление в технических системах
КУБО,2020,Управление и информатика в технических системах,27.03.04,Управление в технических системах
КУМО,2020,Компьютерное управление и обработка информации в технических системах,27.04.04,Управление в технических системах
КУМО,2020,Системы управления летательными аппаратами и их элементы,27.04.04,Управление в технических системах
КУМО,2021,Компьютерное управление и обработка информации в технических системах,27.04.04,Управление в технических системах
КУМО,2021,Системы управления летательными аппаратами и их элементы,27.04.04,Управление в технических системах
КУМО,2022,Интеллектуальные системы управления и обработки информации,27.04.04,Управление в технических системах
КУМО,2022,Системы управления летательными аппаратами и их элементы,27.04.04,Управление в технических системах
РГБО,2019,Геоинформационные системы и комплексы,05.03.03,Картография и геоинформатика
РГБО,2020,Геоинформационные системы и комплексы,05.03.03,Картография и геоинформатика
РГБО,2022,Геоинформационные системы и комплексы,05.03.03,Картография и геоинформатика
РИБО,2019,Инфокоммуникационные системы и сети,11.03.02,Инфокоммуникационные технологии и системы связи
РИБО,2020,Инфокоммуникационные системы и сети,11.03.02,Инфокоммуникационные технологии и системы связи
РИБО,2021,Инфокоммуникационные системы и сети,11.03.02,Инфокоммуникационные технологии и системы связи
РИБО,2022,Инфокоммуникационные системы и сети,11.03.02,Инфокоммуникационные технологии и системы связи
РИМО,2020,Микроволновая техника и антенны телекоммуникационных систем,11.04.02,Инфокоммуникационные технологии и системы связи
РИМО,2021,Микроволновая техника и антенны телекоммуникационных систем,11.04.02,Инфокоммуникационные технологии и системы связи
РИМО,2022,Микроволновая техника и антенны телекоммуникационных систем,11.04.02,Инфокоммуникационные технологии и системы связи
РКБО,2019,Автоматизированное проектирование радиоэлектронных средств,11.03.03,Конструирование и технология электронных средств
РКБО,2019,Проектирование и технология радиоэлектронных средств,11.03.03,Конструирование и технология электронных средств
РКБО,2020,Автоматизированное проектирование радиоэлектронных средств,11.03.03,Конструирование и технология электронных средств
РКБО,2020,Проектирование и технология радиоэлектронных средств,11.03.03,Конструирование и технология электронных средств
РКБО,2021,Автоматизированное проектирование радиоэлектронных средств,11.03.03,Конструирование и технология электронных средств
РКБО,2021,Проектирование и технология радиоэлектронных средств,11.03.03,Конструирование и технология электронных средств
РКБО,2022,Проектирование и технология радиоэлектронных средств,11.03.03,Конструирование и технология электронных средств
РКБО,2022,Цифровое проектирование радиоэлектронных средств,11.03.03,Конструирование и технология электронных средств
РКМО,2020,Конструирование и технология радиоэлектронных средств,11.04.03,Конструирование и технология электронных средств
РКМО,2020,Обеспечение качества электронных средств,11.04.03,Конструирование и технология электронных средств
РКМО,2021,Конструирование и технология радиоэлектронных средств,11.04.03,Конструирование и технология электронных средств
РКМО,2021,Обеспечение качества электронных средств,11.04.03,Конструирование и технология электронных средств
РКМО,2022,Интеллектуальные системы проектирования электронных средств,11.04.03,Конструирование и технология электронных средств
РРБО,2019,Радиомониторинг и телеметрия,11.03.01,Радиотехника
РРБО,2020,Радиомониторинг и телеметрия,11.03.01,Радиотехника
РРБО,2021,Радиомониторинг и телеметрия,11.03.01,Радиотехника
РРБО,2022,"Радиоинформатика, мониторинг и телеметрия",11.03.01,Радиотехника
РРМО,2020,Радиоволновые технологии,11.04.01,Радиотехника
РРМО,2021,Радиоволновые технологии,11.04.01,Радиотехника
РРМО,2022,Цифровые системы и радиоакустика,11.04.01,Радиотехника
РСБО,2019,"Аппаратное, программное и математическое обеспечение безопасности информационных систем",09.03.02,Информационные системы и технологии
РСБО,2019,Информационное обеспечение комплексной безопасности организации,09.03.02,Информационные системы и технологии
РСБО,2019,Технологии искусственного интеллекта в безопасности,09.03.02,Информационные системы и технологии
РСБО,2019,Технологии разработки безопасного программного обеспечения,09.03.02,Информационные системы и технологии
РСБО,2020,"Аппаратное, программное и математическое обеспечение безопасности информационных систем",09.03.02,Информационные системы и технологии
РСБО,2020,Геоинформационные системы,09.03.02,Информационные системы и технологии
РСБО,2020,Информационное обеспечение комплексной безопасности организации,09.03.02,Информационные системы и технологии
РСБО,2020,Технологии искусственного интеллекта в безопасности,09.03.02,Информационные системы и технологии
РСБО,2020,Технологии разработки безопасного программного обеспечения,09.03.02,Информационные системы и технологии
РСБО,2021,Геоинформационные системы,09.03.02,Информационные системы и технологии
РСБО,2021,Информационное обеспечение комплексной безопасности организации,09.03.02,Информационные системы и технологии
РСБО,2021,Компьютерный дизайн,09.03.02,Информационные системы и технологии
РСБО,2021,Системное программное обеспечение,09.03.02,Информационные системы и технологии
РСБО,2021,Технологии визуального программирования,09.03.02,Информационные системы и технологии
РСБО,2021,Технологии искусственного интеллекта в безопасности,09.03.02,Информационные системы и технологии
РСБО,2021,Технологии разработки безопасного программного обеспечения,09.03.02,Информационные системы и технологии
РСБО,2022,Геоинформационные системы,09.03.02,Информационные системы и технологии
РСБО,2022,Компьютерный дизайн,09.03.02,Информационные системы и технологии
РСБО,2022,Разработка кроссплатформенных бизнес-приложений,09.03.02,Информационные системы и технологии
РСБО,2022,Системное программное обеспечение,09.03.02,Информационные системы и технологии
РСБО,2022,Технологии визуального программирования,09.03.02,Информационные системы и технологии
РСБО,2022,Технологии искусственного интеллекта и анализ данных,09.03.02,Информационные системы и технологии
РСБО,2022,Технологии разработки программного обеспечения,09.03.02,Информационные системы и технологии
РСБО,2022,Фуллстек разработка,09.03.02,Информационные системы и технологии
РССО,2019,Радиолокационные системы и комплексы,11.05.01,Радиоэлектронные системы и комплексы
РССО,2019,Радиоэлектронные системы передачи информации,11.05.01,Радиоэлектронные системы и комплексы
РССО,2020,Радиолокационные системы и комплексы,11.05.01,Радиоэлектронные системы и комплексы
РССО,2020,Радиоэлектронные системы передачи информации,11.05.01,Радиоэлектронные системы и комплексы
РССО,2021,Радиолокационные системы и комплексы,11.05.01,Радиоэлектронные системы и комплексы
РССО,2021,Радиоэлектронные системы передачи информации,11.05.01,Радиоэлектронные системы и комплексы
РССО,2022,Радиолокационные системы и комплексы,11.05.01,Радиоэлектронные системы и комплексы
РССО,2022,"Радиоэлектронные комплексы локации, навигации и связи",11.05.01,Радиоэлектронные системы и комплексы
ТДБО,2019,Графический дизайн,54.03.01,Дизайн
ТДБО,2020,Графический дизайн,54.03.01,Дизайн
ТДБО,2021,Графический дизайн,54.03.01,Дизайн
ТДБО,2022,Дизайн сред смешанной реальности,54.03.01,Дизайн
ТДМО,2020,Графический дизайн,54.04.01,Дизайн
ТДМО,2021,Графический дизайн,54.04.01,Дизайн
ТДМО,2022,Графический дизайн,54.04.01,Дизайн
ТКБО,2019,"Аппаратное, программное и математическое обеспечение безопасности информационных систем",09.03.02,Информационные системы и технологии
ТКБО,2019,Информационное обеспечение комплексной безопасности организации,09.03.02,Информационные системы и технологии
ТКБО,2019,Технологии искусственного интеллекта в безопасности,09.03.02,Информационные системы и технологии
ТКБО,2019,Технологии разработки безопасного программного обеспечения,09.03.02,Информационные системы и технологии
ТКБО,2020,"Аппаратное, программное и математическое обеспечение безопасности информационных систем",09.03.02,Информационные системы и технологии
ТКБО,2020,Геоинформационные системы,09.03.02,Информационные системы и технологии
ТКБО,2020,Информационное обеспечение комплексной безопасности организации,09.03.02,Информационные системы и технологии
ТКБО,2020,Технологии искусственного интеллекта в безопасности,09.03.02,Информационные системы и технологии
ТКБО,2020,Технологии разработки безопасного программного обеспечения,09.03.02,Информационные системы и технологии
ТКБО,2021,Геоинформационные системы,09.03.02,Информационные системы и технологии
ТКБО,2021,Информационное обеспечение комплексной безопасности организации,09.03.02,Информационные системы и технологии
ТКБО,2021,Компьютерный дизайн,09.03.02,Информационные системы и технологии
ТКБО,2021,Системное программное обеспечение,09.03.02,Информационные системы и технологии
ТКБО,2021,Технологии визуального программирования,09.03.02,Информационные системы и технологии
ТКБО,2021,Технологии искусственного интеллекта в безопасности,09.03.02,Информационные системы и технологии
ТКБО,2021,Технологии разработки безопасного программного обеспечения,09.03.02,Информационные системы и технологии
ТКБО,2022,Геоинформационные системы,09.03.02,Информационные системы и технологии
ТКБО,2022,Компьютерный дизайн,09.03.02,Информационные системы и технологии
ТКБО,2022,Разработка кроссплатформенных бизнес-приложений,09.03.02,Информационные системы и технологии
ТКБО,2022,Системное программное обеспечение,09.03.02,Информационные системы и технологии
ТКБО,2022,Технологии визуального программирования,09.03.02,Информационные системы и технологии
ТКБО,2022,Технологии искусственного интеллекта и анализ данных,09.03.02,Информационные системы и технологии
ТКБО,2022,Технологии разработки программного обеспечения,09.03.02,Информационные системы и технологии
ТКБО,2022,Фуллстек разработка,09.03.02,Информационные системы и технологии
ТКМО,2020,Архитектура вычислительной техники и информационных систем,09.04.01,Информатика и вычислительная техника
ТКМО,2020,Информационно-управляющие системы,09.04.01,Информатика и вычислительная техника
ТКМО,2021,Архитектура вычислительной техники и информационных систем,09.04.01,Информатика и вычислительная техника
ТКМО,2021,Информационно-управляющие системы,09.04.01,Информатика и вычислительная техника
ТКМО,2022,Архитектура вычислительной техники и информационных систем,09.04.01,Информатика и вычислительная техника
ТКМО,2022,Искусственный интеллект в производственных системах,09.04.01,Информатика и вычислительная техника
ТЛБО,2019,Материаловедение и технологии функциональных материалов,22.03.01,Материаловедение и технологии материалов
ТЛБО,2019,Материаловедение и экспертиза качества материалов,22.03.01,Материаловедение и технологии материалов
ТЛБО,2020,Материаловедение и технологии функциональных материалов,22.03.01,Материаловедение и технологии материалов
ТЛБО,2021,Материалы и технологии цифровых и аддитивных производств,22.03.01,Материаловедение и технологии материалов
ТЛБО,2022,Материалы и технологии цифровых и аддитивных производств,22.03.01,Материаловедение и технологии материалов
ТЛМО,2020,"Материаловедение металлов, сплавов и композиционных материалов",22.04.01,Материаловедение и технологии материалов
ТЛМО,2020,Теоретическое и прикладное материаловедение,22.04.01,Материаловедение и технологии материалов
ТЛМО,2021,Комплексные технологии материалов в цифровом и аддитивном производстве,22.04.01,Материаловедение и технологии материалов
ТЛМО,2022,Комплексные технологии материалов в цифровом и аддитивном производстве,22.04.01,Материаловедение и технологии материалов
ТОБО,2019,Оптические технологии,12.03.02,Оптотехника
ТОБО,2020,Оптические технологии,12.03.02,Оптотехника
ТОМО,2020,Оптико-электронные приборы и системы,12.04.02,Оптотехника
ТОМО,2020,Оптические технологии,12.04.02,Оптотехника
ТОМО,2021,Оптико-электронные приборы и системы,12.04.02,Оптотехника
ТОМО,2021,Оптические технологии,12.04.02,Оптотехника
ТОМО,2022,Оптические технологии,12.04.02,Оптотехника
ТСБО,2019,Метрология и стандартизация в наукоемких технологиях,27.03.01,Стандартизация и метрология
ТСБО,2019,Стандартизация и управление качеством в химической и фармацевтической отраслях,27.03.01,Стандартизация и метрология
ТСБО,2020,Цифровые измерительные технологии и стандартизация продукции,27.03.01,Стандартизация и метрология
ТСБО,2021,Цифровые измерительные технологии и стандартизация продукции,27.03.01,Стандартизация и метрология
ТСБО,2022,Цифровые измерительные технологии,27.03.01,Стандартизация и метрология
ТХБО,2019,Технология художественной обработки материалов,29.03.04,Технология художественной обработки материалов
ТХБО,2020,Технология художественной обработки материалов,29.03.04,Технология художественной обработки материалов
ТХБО,2021,Технология художественной обработки материалов,29.03.04,Технология художественной обработки материалов
ТХБО,2022,Технология художественной обработки материалов,29.03.04,Технология художественной обработки материалов
ТХМО,2020,Технологические приемы дизайн-визуализации промышленных изделий,29.04.04,Технология художественной обработки материалов
ТХМО,2021,Технологические приемы дизайн-визуализации промышленных изделий,29.04.04,Технология художественной обработки материалов
ТХМО,2022,Дизайн-визуализация промышленных изделий,29.04.04,Технология художественной обработки материалов
ТШБО,2019,Цифровые и аддитивные технологии в машиностроении,15.03.01,Машиностроение
ТШБО,2020,Цифровые и аддитивные технологии в машиностроении,15.03.01,Машиностроение
ТШБО,2021,Цифровые и аддитивные технологии в машиностроении,15.03.01,Машиностроение
ТШБО,2022,Цифровые и аддитивные технологии в машиностроении,15.03.01,Машиностроение
ТШМО,2020,Цифровые и аддитивные технологии в машиностроении,15.04.01,Машиностроение
ТШМО,2021,Цифровые и аддитивные технологии в машиностроении,15.04.01,Машиностроение
ТШМО,2022,Цифровые и аддитивные технологии в машиностроении,15.04.01,Машиностроение
УДБО,2019,Современные технологии управления документацией,46.03.02,Документоведение и архивоведение
УДБО,2020,Современные технологии управления документацией,46.03.02,Документоведение и архивоведение
УДБО,2021,Современные технологии управления документацией,46.03.02,Документоведение и архивоведение
УДБО,2022,Современные технологии управления документацией,46.03.02,Документоведение и архивоведение
УДМО,2020,Управление документацией в цифровой среде,46.04.02,Документоведение и архивоведение
УДМО,2021,Современные технологии управления документацией,46.04.02,Документоведение и архивоведение
УДМО,2022,Управление документацией в цифровой среде,46.04.02,Документоведение и архивоведение
УИБО,2019,Архитектура предприятия,38.03.05,Бизнес-информатика
УИБО,2020,Архитектура предприятия,38.03.05,Бизнес-информатика
УИБО,2021,Архитектура предприятия,38.03.05,Бизнес-информатика
УИБО,2022,Архитектура предприятия,38.03.05,Бизнес-информатика
УИМО,2020,Проектирование и внедрение информационных систем,38.04.05,Бизнес-информатика
УИМО,2021,Проектирование и внедрение информационных систем,38.04.05,Бизнес-информатика
УИМО,2022,Проектирование и внедрение информационных систем,38.04.05,Бизнес-информатика
УКБО,2019,Управление качеством,27.03.02,Управление качеством
УКБО,2020,Управление качеством,27.03.02,Управление качеством
УКМО,2020,Менеджмент качества в бизнес-системах,27.04.02,Управление качеством
УКМО,2021,Менеджмент качества в бизнес-системах,27.04.02,Управление качеством
УМБО,2019,Маркетинг,38.03.02,Менеджмент
УМБО,2019,Производственный менеджмент,38.03.02,Менеджмент
УМБО,2020,Маркетинг,38.03.02,Менеджмент
УМБО,2020,Управление проектом,38.03.02,Менеджмент
УМБО,2021,Управление бизнес-проектами,38.03.02,Менеджмент
УМБО,2022,Управление бизнес-проектами,38.03.02,Менеджмент
УММО,2020,Общий и стратегический менеджмент,38.04.02,Менеджмент
УММО,2020,Управление проектами,38.04.02,Менеджмент
УММО,2021,Проектное управление в бизнес-системах,38.04.02,Менеджмент
УНБО,2019,Менеджмент в сфере систем вооружений,27.03.05,Инноватика
УНБО,2019,Управление инновационной деятельностью,27.03.05,Инноватика
УНБО,2020,Менеджмент в сфере систем вооружений,27.03.05,Инноватика
УНБО,2020,Управление инновационной деятельностью,27.03.05,Инноватика
УНБО,2021,Менеджмент в сфере систем вооружений,27.03.05,Инноватика
УНБО,2021,Управление инновационной деятельностью,27.03.05,Инноватика
УНБО,2022,Информационное обеспечение инновационной деятельности,27.03.05,Инноватика
УНБО,2022,Менеджмент в сфере систем вооружений,27.03.05,Инноватика
УОМО,2022,Управление реализацией инновационных проектов,27.04.06,Организация и управление наукоемкими производствами
УПМО,2020,Управление персоналом организаций,38.04.03,Управление персоналом
УПМО,2021,Стратегическое управление персоналом организации,38.04.03,Управление персоналом
УСБО,2019,Бизнес-аналитика,01.03.05,Статистика
УСБО,2020,Бизнес-аналитика,01.03.05,Статистика
УСБО,2021,Бизнес-аналитика,01.03.05,Статистика
УСБО,2022,Бизнес-аналитика,01.03.05,Статистика
УСМО,2020,Анализ данных в бизнесе и экономике,01.04.05,Статистика
УСМО,2021,Анализ данных в бизнесе и экономике,01.04.05,Статистика
УСМО,2022,Анализ данных в бизнесе и экономике,01.04.05,Статистика
УУБО,2019,Государственная и муниципальная служба,38.03.04,Государственное и муниципальное управление
УУБО,2019,Информационные технологии в государственном управлении,38.03.04,Государственное и муниципальное управление
УУБО,2020,Государственная и муниципальная служба,38.03.04,Государственное и муниципальное управление
УУБО,2020,Информационные технологии в государственном управлении,38.03.04,Государственное и муниципальное управление
УУБО,2021,Организационно-управленческая деятельность в государственной и муниципальной службе,38.03.04,Государственное и муниципальное управление
УУБО,2022,Организационно-управленческая деятельность в государственной и муниципальной службе,38.03.04,Государственное и муниципальное управление
УУМВ,2020,Информационные технологии в государственном управлении,38.04.04,Государственное и муниципальное управление
УУМВ,2021,Государственное и муниципальное администрирование,38.04.04,Государственное и муниципальное управление
УУМВ,2022,Государственное и муниципальное администрирование,38.04.04,Государственное и муниципальное управление
УУМО,2020,Информационные технологии в государственном управлении,38.04.04,Государственное и муниципальное управление
УУМО,2021,Государственное и муниципальное администрирование,38.04.04,Государственное и муниципальное управление
УУМО,2022,Государственное и муниципальное администрирование,38.04.04,Государственное и муниципальное управление
УХБО,2020,Организация деятельности в жилищно-коммунальном комплексе,38.03.10,Жилищное хозяйство и коммунальная инфраструктура
УЭБО,2019,Финансы и управление бизнесом,38.03.01,Экономика
УЭБО,2019,Экономика предприятий и организаций,38.03.01,Экономика
УЭБО,2020,Финансы и управление бизнесом,38.03.01,Экономика
УЭБО,2020,Экономика предприятий и организаций,38.03.01,Экономика
УЭБО,2021,"Управление рисками легализации (отмывания) доходов, полученных преступным путем, и финансирования терроризма",38.03.01,Экономика
УЭБО,2021,Финансовая аналитика,38.03.01,Экономика
УЭБО,2022,"Управление рисками легализации (отмывания) доходов, полученных преступным путем, и финансирования терроризма",38.03.01,Экономика
УЭБО,2022,Финансовая аналитика,38.03.01,Экономика
УЭМВ,2020,Корпоративная экономика и финансы,38.04.01,Экономика
УЭМВ,2021,Корпоративная экономика и финансы,38.04.01,Экономика
УЭМВ,2022,Технологии цифровой экономики,38.04.01,Экономика
УЭМО,2020,Корпоративная экономика и финансы,38.04.01,Экономика
УЭМО,2021,Корпоративная экономика и финансы,38.04.01,Экономика
УЭМО,2022,Технологии цифровой экономики,38.04.01,Экономика
УЮБО,2019,Юриспруденция,40.03.01,Юриспруденция
УЮБО,2020,Юриспруденция,40.03.01,Юриспруденция
УЮБО,2021,Правовое обеспечение цифровой экономики,40.03.01,Юриспруденция
УЮБО,2022,Правовое регулирование цифровой экономики,40.03.01,Юриспруденция
УЮБО,2022,Юриспруденция,40.03.01,Юриспруденция
ХББО,2019,Биотехнология,19.03.01,Биотехнология
ХББО,2020,Биотехнология,19.03.01,Биотехнология
ХББО,2021,Биотехнология,19.03.01,Биотехнология
ХББО,2022,Биотехнология,19.03.01,Биотехнология
ХБМО,2020,Молекулярная и клеточная биотехнология,19.04.01,Биотехнология
ХБМО,2020,Технология биофармацевтических препаратов и фармацевтический инжиниринг,19.04.01,Биотехнология
ХБМО,2021,Молекулярная и клеточная биотехнология,19.04.01,Биотехнология
ХБМО,2021,Технология биофармацевтических препаратов и фармацевтический инжиниринг,19.04.01,Биотехнология
ХБМО,2022,Молекулярная и клеточная биотехнология,19.04.01,Биотехнология
ХБМО,2022,Технология биофармацевтических препаратов и фармацевтический инжиниринг,19.04.01,Биотехнология
ХЕБО,2019,Химическая технология и переработка полимеров,18.03.01,Химическая технология
ХЕБО,2019,Химическая технология материалов на основе редких элементов,18.03.01,Химическая технология
ХЕБО,2019,Химическая технология неорганических веществ,18.03.01,Химическая технология
ХЕБО,2019,Химическая технология органических веществ,18.03.01,Химическая технология
ХЕБО,2019,Химическая технология природных энергоносителей и углеродных материалов,18.03.01,Химическая технология
ХЕБО,2019,Химическая технология синтетических биологически активных веществ и химико-фармацевтических препаратов,18.03.01,Химическая технология
ХЕБО,2019,Химия и технология функциональных полимеров,18.03.01,Химическая технология
ХЕБО,2020,Химическая технология и переработка полимеров,18.03.01,Химическая технология
ХЕБО,2020,Химическая технология материалов на основе редких элементов,18.03.01,Химическая технология
ХЕБО,2020,Химическая технология неорганических веществ,18.03.01,Химическая технология
ХЕБО,2020,Химическая технология органических веществ,18.03.01,Химическая технология
ХЕБО,2020,Химическая технология природных энергоносителей и углеродных материалов,18.03.01,Химическая технология
ХЕБО,2020,Химическая технология синтетических биологически активных веществ и химико-фармацевтических препаратов,18.03.01,Химическая технология
ХЕБО,2020,Химия и технология функциональных полимеров,18.03.01,Химическая технология
ХЕБО,2021,Химическая технология и переработка полимеров,18.03.01,Химическая технология
ХЕБО,2021,Химическая технология материалов на основе редких элементов,18.03.01,Химическая технология
ХЕБО,2021,Химическая технология органических веществ,18.03.01,Химическая технология
ХЕБО,2021,Химическая технология природных энергоносителей и углеродных материалов,18.03.01,Химическая технология
ХЕБО,2021,Химическая технология синтетических биологически активных веществ и химико-фармацевтических препаратов,18.03.01,Химическая технология
ХЕБО,2021,Химическая технология цветных и благородных металлов,18.03.01,Химическая технология
ХЕБО,2021,Химия и технология функциональных полимеров,18.03.01,Химическая технология
ХЕБО,2022,Химическая технология и переработка полимеров,18.03.01,Химическая технология
ХЕБО,2022,Химическая технология материалов на основе редких элементов,18.03.01,Химическая технология
ХЕБО,2022,Химическая технология органических веществ,18.03.01,Химическая технология
ХЕБО,2022,Химическая технология природных энергоносителей и углеродных материалов,18.03.01,Химическая технология
ХЕБО,2022,Химическая технология синтетических биологически активных веществ и химико-фармацевтических препаратов,18.03.01,Химическая технология
ХЕБО,2022,Химическая технология цветных и благородных металлов,18.03.01,Химическая технология
ХЕБО,2022,Химия и технология функциональных полимеров,18.03.01,Химическая технология
ХЕМО,2020,Теоретические основы и инжиниринг энергосберегающих технологий органических веществ,18.04.01,Химическая технология
ХЕМО,2020,Химическая технология высокомолекулярных и элементоорганических соединений,18.04.01,Химическая технология
ХЕМО,2020,Химическая технология материалов электроники и альтернативной энергетики,18.04.01,Химическая технология
ХЕМО,2020,Химическая технология переработки пластических масс и композиционных материалов,18.04.01,Химическая технология
ХЕМО,2020,Химическая технология редких и платиновых металлов,18.04.01,Химическая технология
ХЕМО,2020,Химическая технология эластомерных материалов,18.04.01,Химическая технология
ХЕМО,2020,Химия и технология биологически активных веществ,18.04.01,Химическая технология
ХЕМО,2020,Химия и технология продуктов основного органического и нефтехимического синтеза,18.04.01,Химическая технология
ХЕМО,2021,Теория и инжиниринг энергосберегающих технологий органических веществ,18.04.01,Химическая технология
ХЕМО,2021,Химическая технология высокомолекулярных и элементоорганических соединений,18.04.01,Химическая технология
ХЕМО,2021,Химическая технология переработки пластических масс и композиционных материалов,18.04.01,Химическая технология
ХЕМО,2021,Химическая технология редких и платиновых металлов,18.04.01,Химическая технология
ХЕМО,2021,Химическая технология эластомерных материалов,18.04.01,Химическая технология
ХЕМО,2021,Химия и технология биологически активных веществ,18.04.01,Химическая технология
ХЕМО,2021,Химия и технология продуктов основного органического и нефтехимического синтеза,18.04.01,Химическая технология
ХЕМО,2022,Теория и инжиниринг энергосберегающих технологий органических веществ,18.04.01,Химическая технология
ХЕМО,2022,Химическая технология высокомолекулярных и элементоорганических соединений,18.04.01,Химическая технология
ХЕМО,2022,Химическая технология редких и платиновых металлов,18.04.01,Химическая технология
ХЕМО,2022,Химическая технология эластомерных материалов,18.04.01,Химическая технология
ХЕМО,2022,Химия и технология биологически активных веществ,18.04.01,Химическая технология
ХЕМО,2022,Химия и технология композиционных материалов и нанокомпозитов,18.04.01,Химическая технология
ХЕМО,2022,Химия и технология продуктов основного органического и нефтехимического синтеза,18.04.01,Химическая технология
ХТБО,2019,Инженерная защита окружающей среды,20.03.01,Техносферная безопасность
ХТБО,2020,Инженерная защита окружающей среды,20.03.01,Техносферная безопасность
ХТБО,2021,Инженерная защита окружающей среды,20.03.01,Техносферная безопасность
ХТБО,2022,Инженерная защита окружающей среды,20.03.01,Техносферная безопасность
ХТМО,2020,Экология и промышленная безопасность территорий с высокой антропогенной нагрузкой,20.04.01,Техносферная безопасность
ХТМО,2021,Экологическая безопасность и надзор в промышленности,20.04.01,Техносферная безопасность
ХТМО,2022,Экологическая безопасность и надзор в промышленности,20.04.01,Техносферная безопасность
ХХБО,2019,Медицинская и фармацевтическая химия,04.03.01,Химия
ХХБО,2019,Фундаментальная и прикладная химия,04.03.01,Химия
ХХБО,2020,Медицинская и фармацевтическая химия,04.03.01,Химия
ХХБО,2020,Фундаментальная и прикладная химия,04.03.01,Химия
ХХБО,2021,Медицинская и фармацевтическая химия,04.03.01,Химия
ХХБО,2021,Фундаментальная и прикладная химия,04.03.01,Химия
ХХБО,2022,Медицинская и фармацевтическая химия,04.03.01,Химия
ХХБО,2022,Фундаментальная и прикладная химия,04.03.01,Химия
ХХМО,2020,Медицинская и фармацевтическая химия,04.04.01,Химия
ХХМО,2020,Фундаментальная и прикладная химия,04.04.01,Химия
ХХМО,2021,Медицинская и фармацевтическая химия,04.04.01,Химия
ХХМО,2021,Фундаментальная и прикладная химия,04.04.01,Химия
ХХМО,2022,Медицинская и фармацевтическая химия,04.04.01,Химия
ХХМО,2022,Фундаментальная и прикладная химия,04.04.01,Химия
ЭЛБО,2019,Лазерные оптико-электронные приборы и системы,12.03.05,Лазерная техника и лазерные технологии
ЭЛБО,2020,Лазерные оптико-электронные приборы и системы,12.03.05,Лазерная техника и лазерные технологии
ЭЛБО,2021,Лазерные оптико-электронные приборы и системы,12.03.05,Лазерная техника и лазерные технологии
ЭЛБО,2022,Лазерная инженерия,12.03.05,Лазерная техника и лазерные технологии
ЭНБО,2019,Физика и технологии наносистем,28.03.01,Нанотехнологии и микросистемная техника
ЭНБО,2020,Физика и технологии наносистем,28.03.01,Нанотехнологии и микросистемная техника
ЭНБО,2021,Физика и технологии наносистем,28.03.01,Нанотехнологии и микросистемная техника
ЭНБО,2022,Физика и технологии наносистем,28.03.01,Нанотехнологии и микросистемная техника
ЭНМО,2020,Метрологическое обеспечение измерительных процессов,27.04.01,Стандартизация и метрология
ЭНМО,2021,Метрологическое обеспечение измерительных технологий,27.04.01,Стандартизация и метрология
ЭНМО,2022,Метрология цифровых двойников,27.04.01,Стандартизация и метрология
ЭОМО,2020,Оптико-электронные приборы и системы,12.04.02,Оптотехника
ЭОМО,2020,Оптические технологии,12.04.02,Оптотехника
ЭОМО,2021,Оптико-электронные приборы и системы,12.04.02,Оптотехника
ЭОМО,2021,Оптические технологии,12.04.02,Оптотехника
ЭОМО,2022,Оптические технологии,12.04.02,Оптотехника
ЭОСО,2019,Оптико-электронные информационно-измерительные приборы и системы,12.05.01,Электронные и оптико-электронные приборы и системы специального назначения
ЭОСО,2020,Оптико-электронные информационно-измерительные приборы и системы,12.05.01,Электронные и оптико-электронные приборы и системы специального назначения
ЭОСО,2021,Оптико-электронные информационно-измерительные приборы и системы,12.05.01,Электронные и оптико-электронные приборы и системы специального назначения
ЭОСО,2022,Оптико-электронные информационно-измерительные приборы и системы,12.05.01,Электронные и оптико-электронные приборы и системы специального назначения
ЭПМО,2020,"Аппаратное, программное и математическое обеспечение безопасности информационных систем",09.04.02,Информационные системы и технологии
ЭПМО,2020,Интеллектуальные информационные системы и технологии,09.04.02,Информационные системы и технологии
ЭПМО,2020,Программно-математическое обеспечение защищенных информационно-вычислительных систем,09.04.02,Информационные системы и технологии
ЭПМО,2020,Управление разработкой и внедрением предметно-ориентированных информационных систем,09.04.02,Информационные системы и технологии
ЭПМО,2021,Интеллектуальные информационные системы и технологии,09.04.02,Информационные системы и технологии
ЭПМО,2021,Компьютерный дизайн,09.04.02,Информационные системы и технологии
ЭПМО,2021,Системы управления базами данных,09.04.02,Информационные системы и технологии
ЭПМО,2021,Создание безопасных интеграционных решений в информационных системах,09.04.02,Информационные системы и технологии
ЭПМО,2021,Управление разработкой и внедрением предметно-ориентированных информационных систем,09.04.02,Информационные системы и технологии
ЭПМО,2022,Индустриальное программирование,09.04.02,Информационные системы и технологии
ЭПМО,2022,Компьютерный дизайн,09.04.02,Информационные системы и технологии
ЭПМО,2022,Многоагентные интеллектуальные системы,09.04.02,Информационные системы и технологии
ЭПМО,2022,Технологии обработки больших данных,09.04.02,Информационные системы и технологии
ЭПМО,2022,Управление разработкой и внедрением бизнес-приложений,09.04.02,Информационные системы и технологии
ЭСБО,2019,Метрология и стандартизация в наукоемких технологиях,27.03.01,Стандартизация и метрология
ЭСБО,2019,Стандартизация и управление качеством в химической и фармацевтической отраслях,27.03.01,Стандартизация и метрология
ЭСБО,2020,Цифровые измерительные технологии и стандартизация продукции,27.03.01,Стандартизация и метрология
ЭСБО,2021,Цифровые измерительные технологии и стандартизация продукции,27.03.01,Стандартизация и метрология
ЭСБО,2022,Цифровые измерительные технологии,27.03.01,Стандартизация и метрология
ЭСМО,2020,Метрологическое обеспечение измерительных процессов,27.04.01,Стандартизация и метрология
ЭСМО,2021,Метрологическое обеспечение измерительных технологий,27.04.01,Стандартизация и метрология
ЭСМО,2022,Метрология цифровых двойников,27.04.01,Стандартизация и метрология
ЭФБО,2019,"Аппаратное, программное и математическое обеспечение безопасности информационных систем",09.03.02,Информационные системы и технологии
ЭФБО,2019,Информационное обеспечение комплексной безопасности организации,09.03.02,Информационные системы и технологии
ЭФБО,2019,Технологии искусственного интеллекта в безопасности,09.03.02,Информационные системы и технологии
ЭФБО,2019,Технологии разработки безопасного программного обеспечения,09.03.02,Информационные системы и технологии
ЭФБО,2020,"Аппаратное, программное и математическое обеспечение безопасности информационных систем",09.03.02,Информационные системы и технологии
ЭФБО,2020,Геоинформационные системы,09.03.02,Информационные системы и технологии
ЭФБО,2020,Информационное обеспечение комплексной безопасности организации,09.03.02,Информационные системы и технологии
ЭФБО,2020,Технологии искусственного интеллекта в безопасности,09.03.02,Информационные системы и технологии
ЭФБО,2020,Технологии разработки безопасного программного обеспечения,09.03.02,Информационные системы и технологии
ЭФБО,2021,Геоинформационные системы,09.03.02,Информационные системы и технологии
ЭФБО,2021,Информационное обеспечение комплексной безопасности организации,09.03.02,Информационные системы и технологии
ЭФБО,2021,Компьютерный дизайн,09.03.02,Информационные системы и технологии
ЭФБО,2021,Системное программное обеспечение,09.03.02,Информационные системы и технологии
ЭФБО,2021,Технологии визуального программирования,09.03.02,Информационные системы и технологии
ЭФБО,2021,Технологии искусственного интеллекта в безопасности,09.03.02,Информационные системы и технологии
ЭФБО,2021,Технологии разработки безопасного программного обеспечения,09.03.02,Информационные системы и технологии
ЭФБО,2022,Геоинформационные системы,09.03.02,Информационные системы и технологии
ЭФБО,2022,Компьютерный дизайн,09.03.02,Информационные системы и технологии
ЭФБО,2022,Разработка кроссплатформенных бизнес-приложений,09.03.02,Информационные системы и технологии
ЭФБО,2022,Системное программное обеспечение,09.03.02,Информационные системы и технологии
ЭФБО,2022,Технологии визуального программирования,09.03.02,Информационные системы и технологии
ЭФБО,2022,Технологии искусственного интеллекта и анализ данных,09.03.02,Информационные системы и технологии
ЭФБО,2022,Технологии разработки программного обеспечения,09.03.02,Информационные системы и технологии
ЭФБО,2022,Фуллстек разработка,09.03.02,Информационные системы и технологии
ЭФМО,2020,"Аппаратное, программное и математическое обеспечение безопасности информационных систем",09.04.02,Информационные системы и технологии
ЭФМО,2020,Интеллектуальные информационные системы и технологии,09.04.02,Информационные системы и технологии
ЭФМО,2020,Программно-математическое обеспечение защищенных информационно-вычислительных систем,09.04.02,Информационные системы и технологии
ЭФМО,2020,Управление разработкой и внедрением предметно-ориентированных информационных систем,09.04.02,Информационные системы и технологии
ЭФМО,2021,Интеллектуальные информационные системы и технологии,09.04.02,Информационные системы и технологии
ЭФМО,2021,Компьютерный дизайн,09.04.02,Информационные системы и технологии
ЭФМО,2021,Системы управления базами данных,09.04.02,Информационные системы и технологии
ЭФМО,2021,Создание безопасных интеграционных решений в информационных системах,09.04.02,Информационные системы и технологии
ЭФМО,2021,Управление разработкой и внедрением предметно-ориентированных информационных систем,09.04.02,Информационные системы и технологии
ЭФМО,2022,Индустриальное программирование,09.04.02,Информационные системы и технологии
ЭФМО,2022,Компьютерный дизайн,09.04.02,Информационные системы и технологии
ЭФМО,2022,Многоагентные интеллектуальные системы,09.04.02,Информационные системы и технологии
ЭФМО,2022,Технологии обработки больших данных,09.04.02,Информационные системы и технологии
ЭФМО,2022,Управление разработкой и внедрением бизнес-приложений,09.04.02,Информационные системы и технологии
ЭЭБО,2019,Наноэлектроника,11.03.04,Электроника и наноэлектроника
ЭЭБО,2019,Промышленная электроника,11.03.04,Электроника и наноэлектроника
ЭЭБО,2020,Наноэлектроника,11.03.04,Электроника и наноэлектроника
ЭЭБО,2020,Промышленная электроника,11.03.04,Электроника и наноэлектроника
ЭЭБО,2021,Наноэлектроника,11.03.04,Электроника и наноэлектроника
ЭЭБО,2022,Наноэлектроника,11.03.04,Электроника и наноэлектроника
ЭЭМО,2020,Технологии и устройства микро- и наноэлектроники,11.04.04,Электроника и наноэлектроника
ЭЭМО,2021,"Engineering of modern materials for information technology, renewable energy and sensing",11.04.04,Электроника и наноэлектроника
ЭЭМО,2021,"Разработка современных материалов для устройств информационных технологий, возобновляемых источников энергии и сенсорики",11.04.04,Электроника и наноэлектроника
ЭЭМО,2021,Технологии и устройства микро- и наноэлектроники,11.04.04,Электроника и наноэлектроника
ЭЭМО,2022,"Engineering of modern materials for information technology, renewable energy and sensing",11.04.04,Электроника и наноэлектроника
ЭЭМО,2022,"Разработка современных материалов для устройств информационных технологий, возобновляемых источников энергии и сенсорики",11.04.04,Электроника и наноэлектроника
ЭЭМО,2022,Технологии и устройства микро- и наноэлектроники,11.04.04,Электроника и наноэлектроника
,2019,Административная деятельность,40.05.02,Правоохранительная деятельность
,2020,Административная деятельность,40.05.02,Правоохранительная деятельность
,2020,"Аэрокосмическое зондирование, геоинформационные системы и комплексы",05.04.03,Картография и геоинформатика
,2020,Правовое обеспечение предпринимательской деятельности,40.04.01,Юриспруденция
,2020,Промышленная фармация,33.04.01,Промышленная фармация
,2020,Управление объектами инженерного обеспечения жилищно-коммунального комплекса,38.04.10,Жилищное хозяйство и коммунальная инфраструктура
,2021,Информационное право в цифровой экономике,40.04.01,Юриспруденция
,2021,Промышленная фармация,33.04.01,Промышленная фармация
,2022,"Аэрокосмическое зондирование, геоинформационные системы и комплексы",05.04.03,Картография и геоинформатика
,2022,Информационное право в цифровой экономике,40.04.01,Юриспруденция
,2022,Правовое сопровождение бизнеса,40.04.01,Юриспруденция
,2022,Промышленная фармация,33.04.01,Промышленная фармация
,2022,Физика и технологии наносистем,28.04.01,Нанотехнологии и микросистемная техника
